Designator,Val,Package,Mid X,Mid Y,Rotation,Layer
C1,1uF,C_0402_1005Metric,321.22,-39.871,180.0,bottom
C10,1uF,C_0402_1005Metric,310.507,-44.576,0.0,bottom
C100,0.1uF,C_0603_1608Metric,273.21,-67.8,0.0,bottom
C101,0.1uF,C_0603_1608Metric,301.45,-67.74,0.0,bottom
C102,0.1uF,C_0603_1608Metric,335.125515,-67.767339,0.0,bottom
C103,0.1uF,C_0603_1608Metric,358.48,-67.73,0.0,bottom
C104,0.1uF,C_0603_1608Metric,377.77,-67.78,0.0,bottom
C105,0.1uF,C_0603_1608Metric,397.003333,-67.731377,0.0,bottom
C106,0.1uF,C_0603_1608Metric,415.675,-67.731377,0.0,bottom
C107,0.1uF,C_0603_1608Metric,292.068,-43.918877,0.0,bottom
C108,0.1uF,C_0603_1608Metric,305.13,-46.735,90.0,bottom
C109,0.1uF,C_0603_1608Metric,334.579,-43.918877,0.0,bottom
C11,0.1uF,C_0402_1005Metric,322.582,-47.196,180.0,bottom
C110,0.1uF,C_0603_1608Metric,359.03,-43.918877,0.0,bottom
C111,0.1uF,C_0603_1608Metric,377.958333,-43.918877,0.0,bottom
C112,0.1uF,C_0603_1608Metric,396.886667,-43.918877,0.0,bottom
C113,0.1uF,C_0603_1608Metric,415.815,-43.918877,0.0,bottom
C114,0.1uF,C_0603_1608Metric,44.2,-67.731377,0.0,bottom
C115,0.1uF,C_0603_1608Metric,63.381,-67.744,0.0,bottom
C116,0.1uF,C_0603_1608Metric,82.456364,-67.729,0.0,bottom
C117,0.1uF,C_0603_1608Metric,101.531727,-67.676,0.0,bottom
C118,0.1uF,C_0603_1608Metric,120.607091,-67.676,0.0,bottom
C119,0.1uF,C_0603_1608Metric,139.682455,-67.72337,0.0,bottom
C12,0.1uF,C_0402_1005Metric,321.22,-43.911,180.0,bottom
C120,0.1uF,C_0603_1608Metric,44.31715,-43.918877,0.0,bottom
C121,0.1uF,C_0603_1608Metric,82.144556,-43.891264,0.0,bottom
C122,0.1uF,C_0603_1608Metric,101.393556,-43.891264,0.0,bottom
C123,0.1uF,C_0603_1608Metric,120.642556,-43.891264,0.0,bottom
C124,0.1uF,C_0603_1608Metric,139.891556,-43.891264,0.0,bottom
C125,0.1uF,C_0603_1608Metric,168.28143,-43.900046,0.0,bottom
C126,0.1uF,C_0603_1608Metric,187.290763,-43.900046,0.0,bottom
C127,0.1uF,C_0603_1608Metric,206.300097,-43.900046,0.0,bottom
C128,0.1uF,C_0603_1608Metric,225.30943,-43.900046,0.0,bottom
C129,0.1uF,C_0603_1608Metric,254.409,-43.918877,0.0,bottom
C13,0.1uF,C_0402_1005Metric,301.46067,-47.401025,90.0,bottom
C130,0.1uF,C_0603_1608Metric,273.2385,-43.918877,0.0,bottom
C131,100uF,C_1206_3216Metric,314.2,-87.22,270.0,bottom
C14,0.1uF,C_0402_1005Metric,331.931,-52.539,90.0,bottom
C15,0.1uF,C_0402_1005Metric,57.716,-34.382,270.0,bottom
C16,0.1uF,C_0402_1005Metric,52.11,-34.31,270.0,bottom
C17,27pF,C_0402_1005Metric,310.848888,-49.667939,90.0,bottom
C18,100uF,C_1206_3216Metric,343.751,-39.621,180.0,bottom
C19,1uF,C_0402_1005Metric,342.756,-41.27,180.0,bottom
C2,0.1uF,C_0402_1005Metric,321.22,-41.921,180.0,bottom
C20,0.1uF,C_0402_1005Metric,342.756,-42.43,180.0,bottom
C21,27pF,C_0402_1005Metric,305.753888,-49.570221,270.0,bottom
C22,10uF,C_0805_2012Metric,343.215,-44.082,0.0,bottom
C23,10uF,C_0805_2012Metric,341.146,-50.325,180.0,bottom
C24,100uF,C_1206_3216Metric,314.2,-70.28,270.0,bottom
C25,100uF,C_1206_3216Metric,310.025,-108.448,90.0,bottom
C26,100uF,C_1206_3216Metric,328.22,-130.13,90.0,bottom
C27,100uF,C_1206_3216Metric,174.43,-145.14,90.0,bottom
C28,100uF,C_1206_3216Metric,54.67,-44.45,90.0,bottom
C29,0.1uF,C_0603_1608Metric,94.655057,-143.931376,0.0,bottom
C3,0.1uF,C_0402_1005Metric,321.22,-42.891,180.0,bottom
C30,0.1uF,C_0603_1608Metric,166.278811,-143.931377,0.0,bottom
C31,0.1uF,C_0603_1608Metric,234.771535,-143.93,0.0,bottom
C32,0.1uF,C_0603_1608Metric,254.046035,-143.93,0.0,bottom
C33,0.1uF,C_0603_1608Metric,273.320535,-143.93,0.0,bottom
C34,0.1uF,C_0603_1608Metric,296.971057,-148.682167,0.0,bottom
C35,0.1uF,C_0603_1608Metric,315.793057,-148.682167,0.0,bottom
C36,0.1uF,C_0603_1608Metric,334.615057,-148.682167,0.0,bottom
C37,0.1uF,C_0603_1608Metric,368.368,-143.931377,0.0,bottom
C38,0.1uF,C_0603_1608Metric,396.237475,-143.911531,0.0,bottom
C39,0.1uF,C_0603_1608Metric,416.030695,-96.299855,0.0,bottom
C4,0.1uF,C_0402_1005Metric,321.22,-40.891,180.0,bottom
C40,0.1uF,C_0603_1608Metric,134.999,-105.831377,0.0,bottom
C41,0.1uF,C_0603_1608Metric,96.847,-105.831377,0.0,bottom
C42,0.1uF,C_0603_1608Metric,182.869,-124.881377,0.0,bottom
C43,0.1uF,C_0603_1608Metric,201.915,-124.881377,0.0,bottom
C44,0.1uF,C_0603_1608Metric,220.961,-124.881377,0.0,bottom
C45,0.1uF,C_0603_1608Metric,240.007,-124.881377,0.0,bottom
C46,0.1uF,C_0603_1608Metric,259.053,-124.881377,0.0,bottom
C47,0.1uF,C_0603_1608Metric,285.59,-124.881377,0.0,bottom
C48,0.1uF,C_0603_1608Metric,316.21,-129.643877,0.0,bottom
C49,0.1uF,C_0603_1608Metric,358.770028,-124.869328,0.0,bottom
C5,0.1uF,C_0402_1005Metric,314.617,-52.513,270.0,bottom
C50,0.1uF,C_0603_1608Metric,377.881028,-124.869328,0.0,bottom
C51,0.1uF,C_0603_1608Metric,396.992028,-124.869328,0.0,bottom
C52,0.1uF,C_0603_1608Metric,415.921,-134.406377,0.0,bottom
C53,0.1uF,C_0603_1608Metric,47.226538,-143.931376,0.0,bottom
C54,0.1uF,C_0603_1608Metric,71.097538,-143.931376,0.0,bottom
C55,0.1uF,C_0603_1608Metric,249.455,-105.831377,0.0,bottom
C56,0.1uF,C_0603_1608Metric,268.531,-105.831377,0.0,bottom
C57,0.1uF,C_0603_1608Metric,299.441,-105.831377,0.0,bottom
C58,0.1uF,C_0603_1608Metric,334.930515,-105.867339,0.0,bottom
C59,0.1uF,C_0603_1608Metric,358.886,-105.831377,0.0,bottom
C6,0.1uF,C_0402_1005Metric,314.63,-40.4,90.0,bottom
C60,0.1uF,C_0603_1608Metric,377.9045,-105.831377,0.0,bottom
C61,0.1uF,C_0603_1608Metric,396.923,-105.831377,0.0,bottom
C62,0.1uF,C_0603_1608Metric,56.287,-124.881377,0.0,bottom
C63,0.1uF,C_0603_1608Metric,87.398986,-124.873701,0.0,bottom
C64,0.1uF,C_0603_1608Metric,106.685,-124.881377,0.0,bottom
C65,0.1uF,C_0603_1608Metric,125.731,-124.881377,0.0,bottom
C66,0.1uF,C_0603_1608Metric,144.777,-124.881377,0.0,bottom
C67,0.1uF,C_0603_1608Metric,163.823,-124.881377,0.0,bottom
C68,0.1uF,C_0603_1608Metric,306.415689,-86.781377,0.0,bottom
C69,0.1uF,C_0603_1608Metric,334.935515,-86.817339,0.0,bottom
C7,0.1uF,C_0402_1005Metric,321.729,-45.747,180.0,bottom
C70,0.1uF,C_0603_1608Metric,359.113,-86.781377,0.0,bottom
C71,0.1uF,C_0603_1608Metric,377.635629,-86.781377,0.0,bottom
C72,0.1uF,C_0603_1608Metric,396.121179,-86.781377,0.0,bottom
C73,0.1uF,C_0603_1608Metric,51.729,-105.831377,0.0,bottom
C74,0.1uF,C_0603_1608Metric,77.771,-105.831377,0.0,bottom
C75,0.1uF,C_0603_1608Metric,115.923,-105.831377,0.0,bottom
C76,0.1uF,C_0603_1608Metric,154.075,-105.831377,0.0,bottom
C77,0.1uF,C_0603_1608Metric,173.151,-105.831377,0.0,bottom
C78,0.1uF,C_0603_1608Metric,192.227,-105.831377,0.0,bottom
C79,0.1uF,C_0603_1608Metric,211.303,-105.831377,0.0,bottom
C8,0.1uF,C_0402_1005Metric,310.507,-45.646,0.0,bottom
C80,0.1uF,C_0603_1608Metric,230.379,-105.831377,0.0,bottom
C81,0.1uF,C_0603_1608Metric,48.905,-86.781377,0.0,bottom
C82,0.1uF,C_0603_1608Metric,72.669883,-86.744586,0.0,bottom
C83,0.1uF,C_0603_1608Metric,91.691065,-86.744586,0.0,bottom
C84,0.1uF,C_0603_1608Metric,110.712247,-86.744586,0.0,bottom
C85,0.1uF,C_0603_1608Metric,129.733428,-86.744586,0.0,bottom
C86,0.1uF,C_0603_1608Metric,148.75461,-86.744586,0.0,bottom
C87,0.1uF,C_0603_1608Metric,167.775792,-86.744586,0.0,bottom
C88,0.1uF,C_0603_1608Metric,186.796974,-86.744586,0.0,bottom
C89,0.1uF,C_0603_1608Metric,205.818156,-86.744586,0.0,bottom
C9,0.1uF,C_0402_1005Metric,318.708,-52.631,270.0,bottom
C90,0.1uF,C_0603_1608Metric,224.839338,-86.744586,0.0,bottom
C91,0.1uF,C_0603_1608Metric,243.860519,-86.744586,0.0,bottom
C92,0.1uF,C_0603_1608Metric,262.881701,-86.744586,0.0,bottom
C93,0.1uF,C_0603_1608Metric,281.902883,-86.744586,0.0,bottom
C94,0.1uF,C_0603_1608Metric,158.757818,-67.743,0.0,bottom
C95,0.1uF,C_0603_1608Metric,177.833182,-67.755,0.0,bottom
C96,0.1uF,C_0603_1608Metric,196.908545,-67.755,0.0,bottom
C97,0.1uF,C_0603_1608Metric,215.983909,-67.738,0.0,bottom
C98,0.1uF,C_0603_1608Metric,235.059273,-67.788,0.0,bottom
C99,0.1uF,C_0603_1608Metric,254.134636,-67.79,0.0,bottom
D10,D,C81598_SOD-123F_L2_7-W1_6-LS3_8-RD,228.029605,-30.091644,270.0,bottom
D100,D,C81598_SOD-123F_L2_7-W1_6-LS3_8-RD,385.58,-130.2,270.0,bottom
D101,D,C81598_SOD-123F_L2_7-W1_6-LS3_8-RD,285.43,-134.87,270.0,bottom
D102,D,C81598_SOD-123F_L2_7-W1_6-LS3_8-RD,304.48,-134.87,270.0,bottom
D103,D,C81598_SOD-123F_L2_7-W1_6-LS3_8-RD,323.53,-134.87,270.0,bottom
D11,D,C81598_SOD-123F_L2_7-W1_6-LS3_8-RD,256.604605,-30.091644,270.0,bottom
D12,D,C81598_SOD-123F_L2_7-W1_6-LS3_8-RD,275.654605,-30.091644,270.0,bottom
D13,D,C81598_SOD-123F_L2_7-W1_6-LS3_8-RD,294.704605,-30.091644,270.0,bottom
D14,D,C81598_SOD-123F_L2_7-W1_6-LS3_8-RD,300.228268,-30.091644,270.0,bottom
D15,D,C81598_SOD-123F_L2_7-W1_6-LS3_8-RD,332.396,-28.028,270.0,bottom
D16,D,C81598_SOD-123F_L2_7-W1_6-LS3_8-RD,361.37,-30.091644,270.0,bottom
D17,D,C81598_SOD-123F_L2_7-W1_6-LS3_8-RD,380.42,-30.091644,270.0,bottom
D18,D,C81598_SOD-123F_L2_7-W1_6-LS3_8-RD,399.47,-30.091644,270.0,bottom
D19,D,C81598_SOD-123F_L2_7-W1_6-LS3_8-RD,418.52,-30.091644,270.0,bottom
D2,D,C81598_SOD-123F_L2_7-W1_6-LS3_8-RD,47.054605,-30.091644,270.0,bottom
D20,D,C81598_SOD-123F_L2_7-W1_6-LS3_8-RD,33.020001,-52.4125,270.0,bottom
D21,D,C81598_SOD-123F_L2_7-W1_6-LS3_8-RD,52.070001,-52.4125,270.0,bottom
D22,D,C81598_SOD-123F_L2_7-W1_6-LS3_8-RD,71.120001,-52.4125,270.0,bottom
D23,D,C81598_SOD-123F_L2_7-W1_6-LS3_8-RD,90.170001,-52.4125,270.0,bottom
D24,D,C81598_SOD-123F_L2_7-W1_6-LS3_8-RD,109.220001,-52.4125,270.0,bottom
D25,D,C81598_SOD-123F_L2_7-W1_6-LS3_8-RD,128.270001,-52.4125,270.0,bottom
D26,D,C81598_SOD-123F_L2_7-W1_6-LS3_8-RD,147.320001,-52.4125,270.0,bottom
D27,D,C81598_SOD-123F_L2_7-W1_6-LS3_8-RD,166.370001,-52.4125,270.0,bottom
D28,D,C81598_SOD-123F_L2_7-W1_6-LS3_8-RD,185.420001,-52.4125,270.0,bottom
D29,D,C81598_SOD-123F_L2_7-W1_6-LS3_8-RD,204.470001,-52.4125,270.0,bottom
D3,D,C81598_SOD-123F_L2_7-W1_6-LS3_8-RD,85.154605,-30.091644,270.0,bottom
D30,D,C81598_SOD-123F_L2_7-W1_6-LS3_8-RD,223.520001,-52.4125,270.0,bottom
D31,D,C81598_SOD-123F_L2_7-W1_6-LS3_8-RD,242.570001,-52.4125,270.0,bottom
D32,D,C81598_SOD-123F_L2_7-W1_6-LS3_8-RD,261.620001,-52.4125,270.0,bottom
D33,D,C81598_SOD-123F_L2_7-W1_6-LS3_8-RD,290.741,-54.105,180.0,bottom
D34,D,C81598_SOD-123F_L2_7-W1_6-LS3_8-RD,338.25,-57.75,90.0,bottom
D35,D,C81598_SOD-123F_L2_7-W1_6-LS3_8-RD,347.345001,-52.4125,270.0,bottom
D36,D,C81598_SOD-123F_L2_7-W1_6-LS3_8-RD,366.395001,-52.4125,270.0,bottom
D37,D,C81598_SOD-123F_L2_7-W1_6-LS3_8-RD,385.445001,-52.4125,270.0,bottom
D38,D,C81598_SOD-123F_L2_7-W1_6-LS3_8-RD,404.495001,-52.4125,270.0,bottom
D39,D,C81598_SOD-123F_L2_7-W1_6-LS3_8-RD,37.7675,-72.83,270.0,bottom
D4,D,C81598_SOD-123F_L2_7-W1_6-LS3_8-RD,104.204605,-30.091644,270.0,bottom
D40,D,C81598_SOD-123F_L2_7-W1_6-LS3_8-RD,61.58,-72.83,270.0,bottom
D41,D,C81598_SOD-123F_L2_7-W1_6-LS3_8-RD,80.63,-72.83,270.0,bottom
D42,D,C81598_SOD-123F_L2_7-W1_6-LS3_8-RD,99.68,-72.83,270.0,bottom
D43,D,C81598_SOD-123F_L2_7-W1_6-LS3_8-RD,118.73,-72.83,270.0,bottom
D44,D,C81598_SOD-123F_L2_7-W1_6-LS3_8-RD,137.78,-72.83,270.0,bottom
D45,D,C81598_SOD-123F_L2_7-W1_6-LS3_8-RD,156.83,-72.83,270.0,bottom
D46,D,C81598_SOD-123F_L2_7-W1_6-LS3_8-RD,175.88,-72.83,270.0,bottom
D47,D,C81598_SOD-123F_L2_7-W1_6-LS3_8-RD,194.93,-72.83,270.0,bottom
D48,D,C81598_SOD-123F_L2_7-W1_6-LS3_8-RD,213.98,-72.83,270.0,bottom
D49,D,C81598_SOD-123F_L2_7-W1_6-LS3_8-RD,233.03,-72.83,270.0,bottom
D5,D,C81598_SOD-123F_L2_7-W1_6-LS3_8-RD,123.254605,-30.091644,270.0,bottom
D50,D,C81598_SOD-123F_L2_7-W1_6-LS3_8-RD,252.08,-72.83,270.0,bottom
D51,D,C81598_SOD-123F_L2_7-W1_6-LS3_8-RD,271.13,-72.83,270.0,bottom
D52,D,C81598_SOD-123F_L2_7-W1_6-LS3_8-RD,294.9425,-72.83,270.0,bottom
D53,D,C81598_SOD-123F_L2_7-W1_6-LS3_8-RD,323.5175,-72.83,270.0,bottom
D54,D,C81598_SOD-123F_L2_7-W1_6-LS3_8-RD,347.33,-72.83,270.0,bottom
D55,D,C81598_SOD-123F_L2_7-W1_6-LS3_8-RD,366.38,-72.83,270.0,bottom
D56,D,C81598_SOD-123F_L2_7-W1_6-LS3_8-RD,385.43,-72.83,270.0,bottom
D57,D,C81598_SOD-123F_L2_7-W1_6-LS3_8-RD,412.051,-80.356,270.0,bottom
D58,D,C81598_SOD-123F_L2_7-W1_6-LS3_8-RD,40.45625,-92.06,270.0,bottom
D59,D,C81598_SOD-123F_L2_7-W1_6-LS3_8-RD,66.65,-92.06,270.0,bottom
D6,D,C81598_SOD-123F_L2_7-W1_6-LS3_8-RD,142.304605,-30.091644,270.0,bottom
D60,D,C81598_SOD-123F_L2_7-W1_6-LS3_8-RD,85.7,-92.06,270.0,bottom
D61,D,C81598_SOD-123F_L2_7-W1_6-LS3_8-RD,104.75,-92.06,270.0,bottom
D62,D,C81598_SOD-123F_L2_7-W1_6-LS3_8-RD,123.8,-92.06,270.0,bottom
D63,D,C81598_SOD-123F_L2_7-W1_6-LS3_8-RD,142.85,-92.06,270.0,bottom
D64,D,C81598_SOD-123F_L2_7-W1_6-LS3_8-RD,161.9,-92.06,270.0,bottom
D65,D,C81598_SOD-123F_L2_7-W1_6-LS3_8-RD,180.95,-92.06,270.0,bottom
D66,D,C81598_SOD-123F_L2_7-W1_6-LS3_8-RD,200.0,-92.06,270.0,bottom
D67,D,C81598_SOD-123F_L2_7-W1_6-LS3_8-RD,219.05,-92.06,270.0,bottom
D68,D,C81598_SOD-123F_L2_7-W1_6-LS3_8-RD,238.1,-92.06,270.0,bottom
D69,D,C81598_SOD-123F_L2_7-W1_6-LS3_8-RD,257.15,-92.06,270.0,bottom
D7,D,C81598_SOD-123F_L2_7-W1_6-LS3_8-RD,170.879605,-30.091644,270.0,bottom
D70,D,C81598_SOD-123F_L2_7-W1_6-LS3_8-RD,288.01,-92.04,270.0,bottom
D71,D,C81598_SOD-123F_L2_7-W1_6-LS3_8-RD,323.8075,-91.86,270.0,bottom
D72,D,C81598_SOD-123F_L2_7-W1_6-LS3_8-RD,347.62,-91.86,270.0,bottom
D73,D,C81598_SOD-123F_L2_7-W1_6-LS3_8-RD,366.67,-91.86,270.0,bottom
D74,D,C81598_SOD-123F_L2_7-W1_6-LS3_8-RD,385.72,-91.86,270.0,bottom
D75,D,C81598_SOD-123F_L2_7-W1_6-LS3_8-RD,45.02125,-110.75,270.0,bottom
D76,D,C81598_SOD-123F_L2_7-W1_6-LS3_8-RD,75.9775,-110.75,270.0,bottom
D77,D,C81598_SOD-123F_L2_7-W1_6-LS3_8-RD,95.0275,-110.75,270.0,bottom
D78,D,C81598_SOD-123F_L2_7-W1_6-LS3_8-RD,114.0775,-110.75,270.0,bottom
D79,D,C81598_SOD-123F_L2_7-W1_6-LS3_8-RD,133.1275,-110.75,270.0,bottom
D8,D,C81598_SOD-123F_L2_7-W1_6-LS3_8-RD,189.929605,-30.091644,270.0,bottom
D80,D,C81598_SOD-123F_L2_7-W1_6-LS3_8-RD,152.1775,-110.75,270.0,bottom
D81,D,C81598_SOD-123F_L2_7-W1_6-LS3_8-RD,171.2275,-110.75,270.0,bottom
D82,D,C81598_SOD-123F_L2_7-W1_6-LS3_8-RD,190.2775,-110.75,270.0,bottom
D83,D,C81598_SOD-123F_L2_7-W1_6-LS3_8-RD,209.3275,-110.75,270.0,bottom
D84,D,C81598_SOD-123F_L2_7-W1_6-LS3_8-RD,228.3775,-110.75,270.0,bottom
D85,D,C81598_SOD-123F_L2_7-W1_6-LS3_8-RD,247.4275,-110.75,270.0,bottom
D86,D,C81598_SOD-123F_L2_7-W1_6-LS3_8-RD,273.62125,-110.75,270.0,bottom
D87,D,C81598_SOD-123F_L2_7-W1_6-LS3_8-RD,304.5775,-115.5125,270.0,bottom
D88,D,C81598_SOD-123F_L2_7-W1_6-LS3_8-RD,347.39,-111.11,270.0,bottom
D89,D,C81598_SOD-123F_L2_7-W1_6-LS3_8-RD,366.44,-111.11,270.0,bottom
D9,D,C81598_SOD-123F_L2_7-W1_6-LS3_8-RD,208.979605,-30.091644,270.0,bottom
D90,D,C81598_SOD-123F_L2_7-W1_6-LS3_8-RD,385.49,-111.11,270.0,bottom
D91,D,C81598_SOD-123F_L2_7-W1_6-LS3_8-RD,405.465,-120.105,270.0,bottom
D92,D,C81598_SOD-123F_L2_7-W1_6-LS3_8-RD,48.9595,-130.054,270.0,bottom
D93,D,C81598_SOD-123F_L2_7-W1_6-LS3_8-RD,72.81,-130.14,270.0,bottom
D94,D,C81598_SOD-123F_L2_7-W1_6-LS3_8-RD,82.89,-130.16,270.0,bottom
D95,D,C81598_SOD-123F_L2_7-W1_6-LS3_8-RD,154.3275,-130.16,270.0,bottom
D96,D,C81598_SOD-123F_L2_7-W1_6-LS3_8-RD,223.38375,-130.16,270.0,bottom
D97,D,C81598_SOD-123F_L2_7-W1_6-LS3_8-RD,242.43375,-130.16,270.0,bottom
D98,D,C81598_SOD-123F_L2_7-W1_6-LS3_8-RD,261.48375,-130.16,270.0,bottom
D99,D,C81598_SOD-123F_L2_7-W1_6-LS3_8-RD,357.005,-130.2,270.0,bottom
F1,1.5A,C70076_F1206,342.25,-36.18,90.0,bottom
R1,10K,R_0402_1005Metric,302.520493,-47.411539,270.0,bottom
R10,330ohm,R_0402_1005Metric,33.49,-43.43,270.0,bottom
R2,27ohm,R_0402_1005Metric,326.492,-46.894,0.0,bottom
R3,27ohm,R_0402_1005Metric,326.502,-45.854,0.0,bottom
R4,10K,R_0402_1005Metric,322.16,-54.84,90.0,bottom
R5,1K,R_0402_1005Metric,323.18,-54.86,90.0,bottom
R6,1K,R_0402_1005Metric,310.995,-52.99,180.0,bottom
R7,5.1K,R_0402_1005Metric,341.26,-32.25,270.0,bottom
R8,1K,R_0402_1005Metric,308.26,-46.7,180.0,bottom
R9,5.1K,R_0402_1005Metric,338.51,-32.17,90.0,bottom
RGB1,SK6812MINI-E,LED_SK6812MINI-E_Reverse Clearence fixed with 3d,38.104106,-43.168877,0.0,bottom
RGB10,SK6812MINI-E,LED_SK6812MINI-E_Reverse Clearence fixed with 3d,247.654106,-43.168877,0.0,bottom
RGB100,SK6812MINI-E,LED_SK6812MINI-E_Reverse Clearence fixed with 3d,290.516606,-147.943877,0.0,bottom
RGB101,SK6812MINI-E,LED_SK6812MINI-E_Reverse Clearence fixed with 3d,309.566606,-147.943877,0.0,bottom
RGB102,SK6812MINI-E,LED_SK6812MINI-E_Reverse Clearence fixed with 3d,328.616606,-147.943877,0.0,bottom
RGB11,SK6812MINI-E,LED_SK6812MINI-E_Reverse Clearence fixed with 3d,266.704106,-43.168877,0.0,bottom
RGB12,SK6812MINI-E,LED_SK6812MINI-E_Reverse Clearence fixed with 3d,285.754106,-43.168877,0.0,bottom
RGB13,SK6812MINI-E,LED_SK6812MINI-E_Reverse Clearence fixed with 3d,304.804106,-43.168877,0.0,bottom
RGB14,SK6812MINI-E,LED_SK6812MINI-E_Reverse Clearence fixed with 3d,328.616606,-43.168877,0.0,bottom
RGB15,SK6812MINI-E,LED_SK6812MINI-E_Reverse Clearence fixed with 3d,352.429106,-43.168877,0.0,bottom
RGB16,SK6812MINI-E,LED_SK6812MINI-E_Reverse Clearence fixed with 3d,371.479106,-43.168877,0.0,bottom
RGB17,SK6812MINI-E,LED_SK6812MINI-E_Reverse Clearence fixed with 3d,390.529106,-43.168877,0.0,bottom
RGB18,SK6812MINI-E,LED_SK6812MINI-E_Reverse Clearence fixed with 3d,409.579106,-43.168877,0.0,bottom
RGB19,SK6812MINI-E,LED_SK6812MINI-E_Reverse Clearence fixed with 3d,38.104106,-66.981377,0.0,bottom
RGB2,SK6812MINI-E,LED_SK6812MINI-E_Reverse Clearence fixed with 3d,76.204106,-43.168877,0.0,bottom
RGB20,SK6812MINI-E,LED_SK6812MINI-E_Reverse Clearence fixed with 3d,57.154106,-66.981377,0.0,bottom
RGB21,SK6812MINI-E,LED_SK6812MINI-E_Reverse Clearence fixed with 3d,76.204106,-66.981377,0.0,bottom
RGB22,SK6812MINI-E,LED_SK6812MINI-E_Reverse Clearence fixed with 3d,95.254106,-66.981377,0.0,bottom
RGB23,SK6812MINI-E,LED_SK6812MINI-E_Reverse Clearence fixed with 3d,114.304106,-66.981377,0.0,bottom
RGB24,SK6812MINI-E,LED_SK6812MINI-E_Reverse Clearence fixed with 3d,133.354106,-66.981377,0.0,bottom
RGB25,SK6812MINI-E,LED_SK6812MINI-E_Reverse Clearence fixed with 3d,152.404106,-66.981377,0.0,bottom
RGB26,SK6812MINI-E,LED_SK6812MINI-E_Reverse Clearence fixed with 3d,171.454106,-66.981377,0.0,bottom
RGB27,SK6812MINI-E,LED_SK6812MINI-E_Reverse Clearence fixed with 3d,190.504106,-66.981377,0.0,bottom
RGB28,SK6812MINI-E,LED_SK6812MINI-E_Reverse Clearence fixed with 3d,209.554106,-66.981377,0.0,bottom
RGB29,SK6812MINI-E,LED_SK6812MINI-E_Reverse Clearence fixed with 3d,228.604106,-66.981377,0.0,bottom
RGB3,SK6812MINI-E,LED_SK6812MINI-E_Reverse Clearence fixed with 3d,95.254106,-43.168877,0.0,bottom
RGB30,SK6812MINI-E,LED_SK6812MINI-E_Reverse Clearence fixed with 3d,247.654106,-66.981377,0.0,bottom
RGB31,SK6812MINI-E,LED_SK6812MINI-E_Reverse Clearence fixed with 3d,266.704106,-66.981377,0.0,bottom
RGB32,SK6812MINI-E,LED_SK6812MINI-E_Reverse Clearence fixed with 3d,295.279106,-66.981377,0.0,bottom
RGB33,SK6812MINI-E,LED_SK6812MINI-E_Reverse Clearence fixed with 3d,328.616606,-66.981377,0.0,bottom
RGB34,SK6812MINI-E,LED_SK6812MINI-E_Reverse Clearence fixed with 3d,352.429106,-66.981377,0.0,bottom
RGB35,SK6812MINI-E,LED_SK6812MINI-E_Reverse Clearence fixed with 3d,371.479106,-66.981377,0.0,bottom
RGB36,SK6812MINI-E,LED_SK6812MINI-E_Reverse Clearence fixed with 3d,390.529106,-66.981377,0.0,bottom
RGB37,SK6812MINI-E,LED_SK6812MINI-E_Reverse Clearence fixed with 3d,409.579106,-66.981377,0.0,bottom
RGB38,SK6812MINI-E,LED_SK6812MINI-E_Reverse Clearence fixed with 3d,42.866606,-86.031377,0.0,bottom
RGB39,SK6812MINI-E,LED_SK6812MINI-E_Reverse Clearence fixed with 3d,66.679106,-86.031377,0.0,bottom
RGB4,SK6812MINI-E,LED_SK6812MINI-E_Reverse Clearence fixed with 3d,114.304106,-43.168877,0.0,bottom
RGB40,SK6812MINI-E,LED_SK6812MINI-E_Reverse Clearence fixed with 3d,85.729106,-86.031377,0.0,bottom
RGB41,SK6812MINI-E,LED_SK6812MINI-E_Reverse Clearence fixed with 3d,104.779106,-86.031377,0.0,bottom
RGB42,SK6812MINI-E,LED_SK6812MINI-E_Reverse Clearence fixed with 3d,123.829106,-86.031377,0.0,bottom
RGB43,SK6812MINI-E,LED_SK6812MINI-E_Reverse Clearence fixed with 3d,142.879106,-86.031377,0.0,bottom
RGB44,SK6812MINI-E,LED_SK6812MINI-E_Reverse Clearence fixed with 3d,161.929106,-86.031377,0.0,bottom
RGB45,SK6812MINI-E,LED_SK6812MINI-E_Reverse Clearence fixed with 3d,180.979106,-86.031377,0.0,bottom
RGB46,SK6812MINI-E,LED_SK6812MINI-E_Reverse Clearence fixed with 3d,200.029106,-86.031377,0.0,bottom
RGB47,SK6812MINI-E,LED_SK6812MINI-E_Reverse Clearence fixed with 3d,219.079106,-86.031377,0.0,bottom
RGB48,SK6812MINI-E,LED_SK6812MINI-E_Reverse Clearence fixed with 3d,238.129106,-86.031377,0.0,bottom
RGB49,SK6812MINI-E,LED_SK6812MINI-E_Reverse Clearence fixed with 3d,257.179106,-86.031377,0.0,bottom
RGB5,SK6812MINI-E,LED_SK6812MINI-E_Reverse Clearence fixed with 3d,133.354106,-43.168877,0.0,bottom
RGB50,SK6812MINI-E,LED_SK6812MINI-E_Reverse Clearence fixed with 3d,276.229106,-86.031377,0.0,bottom
RGB51,SK6812MINI-E,LED_SK6812MINI-E_Reverse Clearence fixed with 3d,300.041606,-86.031377,0.0,bottom
RGB52,SK6812MINI-E,LED_SK6812MINI-E_Reverse Clearence fixed with 3d,328.616606,-86.031377,0.0,bottom
RGB53,SK6812MINI-E,LED_SK6812MINI-E_Reverse Clearence fixed with 3d,352.429106,-86.031377,0.0,bottom
RGB54,SK6812MINI-E,LED_SK6812MINI-E_Reverse Clearence fixed with 3d,371.479106,-86.031377,0.0,bottom
RGB55,SK6812MINI-E,LED_SK6812MINI-E_Reverse Clearence fixed with 3d,390.529106,-86.031377,0.0,bottom
RGB56,SK6812MINI-E,LED_SK6812MINI-E_Reverse Clearence fixed with 3d,409.579106,-95.556377,0.0,bottom
RGB57,SK6812MINI-E,LED_SK6812MINI-E_Reverse Clearence fixed with 3d,45.247856,-105.081377,0.0,bottom
RGB58,SK6812MINI-E,LED_SK6812MINI-E_Reverse Clearence fixed with 3d,71.441606,-105.081377,0.0,bottom
RGB59,SK6812MINI-E,LED_SK6812MINI-E_Reverse Clearence fixed with 3d,90.491606,-105.081377,0.0,bottom
RGB6,SK6812MINI-E,LED_SK6812MINI-E_Reverse Clearence fixed with 3d,161.929106,-43.168877,0.0,bottom
RGB60,SK6812MINI-E,LED_SK6812MINI-E_Reverse Clearence fixed with 3d,109.541606,-105.081377,0.0,bottom
RGB61,SK6812MINI-E,LED_SK6812MINI-E_Reverse Clearence fixed with 3d,128.591606,-105.081377,0.0,bottom
RGB62,SK6812MINI-E,LED_SK6812MINI-E_Reverse Clearence fixed with 3d,147.641606,-105.081377,0.0,bottom
RGB63,SK6812MINI-E,LED_SK6812MINI-E_Reverse Clearence fixed with 3d,166.691606,-105.081377,0.0,bottom
RGB64,SK6812MINI-E,LED_SK6812MINI-E_Reverse Clearence fixed with 3d,185.741606,-105.081377,0.0,bottom
RGB65,SK6812MINI-E,LED_SK6812MINI-E_Reverse Clearence fixed with 3d,204.791606,-105.081377,0.0,bottom
RGB66,SK6812MINI-E,LED_SK6812MINI-E_Reverse Clearence fixed with 3d,223.841606,-105.081377,0.0,bottom
RGB67,SK6812MINI-E,LED_SK6812MINI-E_Reverse Clearence fixed with 3d,242.891606,-105.081377,0.0,bottom
RGB68,SK6812MINI-E,LED_SK6812MINI-E_Reverse Clearence fixed with 3d,261.941606,-105.081377,0.0,bottom
RGB69,SK6812MINI-E,LED_SK6812MINI-E_Reverse Clearence fixed with 3d,292.897856,-105.081377,0.0,bottom
RGB7,SK6812MINI-E,LED_SK6812MINI-E_Reverse Clearence fixed with 3d,180.979106,-43.168877,0.0,bottom
RGB70,SK6812MINI-E,LED_SK6812MINI-E_Reverse Clearence fixed with 3d,328.616606,-105.081377,0.0,bottom
RGB71,SK6812MINI-E,LED_SK6812MINI-E_Reverse Clearence fixed with 3d,352.429106,-105.081377,0.0,bottom
RGB72,SK6812MINI-E,LED_SK6812MINI-E_Reverse Clearence fixed with 3d,371.479106,-105.081377,0.0,bottom
RGB73,SK6812MINI-E,LED_SK6812MINI-E_Reverse Clearence fixed with 3d,390.529106,-105.081377,0.0,bottom
RGB74,SK6812MINI-E,LED_SK6812MINI-E_Reverse Clearence fixed with 3d,50.010356,-124.131377,0.0,bottom
RGB75,SK6812MINI-E,LED_SK6812MINI-E_Reverse Clearence fixed with 3d,80.966606,-124.131377,0.0,bottom
RGB76,SK6812MINI-E,LED_SK6812MINI-E_Reverse Clearence fixed with 3d,100.016606,-124.131377,0.0,bottom
RGB77,SK6812MINI-E,LED_SK6812MINI-E_Reverse Clearence fixed with 3d,119.066606,-124.131377,0.0,bottom
RGB78,SK6812MINI-E,LED_SK6812MINI-E_Reverse Clearence fixed with 3d,138.116606,-124.131377,0.0,bottom
RGB79,SK6812MINI-E,LED_SK6812MINI-E_Reverse Clearence fixed with 3d,157.166606,-124.131377,0.0,bottom
RGB8,SK6812MINI-E,LED_SK6812MINI-E_Reverse Clearence fixed with 3d,200.029106,-43.168877,0.0,bottom
RGB80,SK6812MINI-E,LED_SK6812MINI-E_Reverse Clearence fixed with 3d,176.216606,-124.131377,0.0,bottom
RGB81,SK6812MINI-E,LED_SK6812MINI-E_Reverse Clearence fixed with 3d,195.266606,-124.131377,0.0,bottom
RGB82,SK6812MINI-E,LED_SK6812MINI-E_Reverse Clearence fixed with 3d,214.316606,-124.131377,0.0,bottom
RGB83,SK6812MINI-E,LED_SK6812MINI-E_Reverse Clearence fixed with 3d,233.366606,-124.131377,0.0,bottom
RGB84,SK6812MINI-E,LED_SK6812MINI-E_Reverse Clearence fixed with 3d,252.416606,-124.131377,0.0,bottom
RGB85,SK6812MINI-E,LED_SK6812MINI-E_Reverse Clearence fixed with 3d,278.610356,-124.131377,0.0,bottom
RGB86,SK6812MINI-E,LED_SK6812MINI-E_Reverse Clearence fixed with 3d,352.429106,-124.131377,0.0,bottom
RGB87,SK6812MINI-E,LED_SK6812MINI-E_Reverse Clearence fixed with 3d,371.479106,-124.131377,0.0,bottom
RGB88,SK6812MINI-E,LED_SK6812MINI-E_Reverse Clearence fixed with 3d,390.529106,-124.131377,0.0,bottom
RGB89,SK6812MINI-E,LED_SK6812MINI-E_Reverse Clearence fixed with 3d,409.579106,-133.656377,0.0,bottom
RGB9,SK6812MINI-E,LED_SK6812MINI-E_Reverse Clearence fixed with 3d,219.079106,-43.168877,0.0,bottom
RGB90,SK6812MINI-E,LED_SK6812MINI-E_Reverse Clearence fixed with 3d,309.566606,-128.893877,0.0,bottom
RGB91,SK6812MINI-E,LED_SK6812MINI-E_Reverse Clearence fixed with 3d,40.485356,-143.181377,0.0,bottom
RGB92,SK6812MINI-E,LED_SK6812MINI-E_Reverse Clearence fixed with 3d,64.297856,-143.181377,0.0,bottom
RGB93,SK6812MINI-E,LED_SK6812MINI-E_Reverse Clearence fixed with 3d,88.110356,-143.181377,0.0,bottom
RGB94,SK6812MINI-E,LED_SK6812MINI-E_Reverse Clearence fixed with 3d,159.547856,-143.181377,0.0,bottom
RGB95,SK6812MINI-E,LED_SK6812MINI-E_Reverse Clearence fixed with 3d,228.604106,-143.181377,0.0,bottom
RGB96,SK6812MINI-E,LED_SK6812MINI-E_Reverse Clearence fixed with 3d,247.654106,-143.181377,0.0,bottom
RGB97,SK6812MINI-E,LED_SK6812MINI-E_Reverse Clearence fixed with 3d,266.704106,-143.181377,0.0,bottom
RGB98,SK6812MINI-E,LED_SK6812MINI-E_Reverse Clearence fixed with 3d,361.954106,-143.181377,0.0,bottom
RGB99,SK6812MINI-E,LED_SK6812MINI-E_Reverse Clearence fixed with 3d,390.529106,-143.181377,0.0,bottom
STAT1,LED red,LED_0603_1608Metric,311.239428,-54.315,0.0,bottom
U1,W25Q128JVS,C97521_SOIC-8_L5_3-W5_3-P1_27-LS8_0-BL,325.6378,-51.166823,90.0,bottom
U2,SN74LVC1T45DBV,C7843_SOT-23-6_L2_9-W1_6-P0_95-LS2_8-BR,54.705308,-35.809778,180.0,bottom
U3,RP2040,QFN-56-1EP_7x7mm_P0.4mm_EP3.2x3.2mm,315.86,-46.08,90.0,bottom
U4,MCP1700T-3302E/TT,C39051_SOT-23-3_L2_9-W1_6-P1_90-LS2_8-BR,342.06,-47.320001,90.0,bottom
U5,USBLC6-2SC6,C7519_SOT-23-6_L2_9-W1_6-P0_95-LS2_8-BL,338.52,-38.5,0.0,bottom
USB1,TYPE-C 16PIN 2MD(073),C2765186_USB-C-SMD_TYPE-C-16PIN-2MD-073,340.0,-27.8275,180.0,bottom
Y1,12 MHz,C9002_CRYSTAL-SMD_4P-L3_2-W2_5-BL,308.315822,-48.81322,180.0,bottom
